,Country,Happiness Rank,Happiness,Economy,Health,Freedom,Trust,Generosity
0,Switzerland_2015,1,7.587000000000001,1.3965100000000001,0.9414299999999999,0.66557,0.41978000000000004,0.29678000000000004
1,Iceland_2015,2,7.561,1.3023200000000001,0.94784,0.6287699999999999,0.14145,0.4363
2,Denmark_2015,3,7.527,1.32548,0.87464,0.6493800000000001,0.48357,0.34139
3,Norway_2015,4,7.522,1.459,0.88521,0.66973,0.36503,0.34699
4,Canada_2015,5,7.4270000000000005,1.32629,0.9056299999999999,0.63297,0.32957,0.45811
5,Finland_2015,6,7.406000000000001,1.29025,0.8891100000000001,0.64169,0.41372,0.23351
6,Netherlands_2015,7,7.377999999999999,1.32944,0.89284,0.6157600000000001,0.31814000000000003,0.4761
7,Sweden_2015,8,7.364,1.33171,0.9108700000000001,0.6598,0.43843999999999994,0.36262
8,New Zealand_2015,9,7.2860000000000005,1.2501799999999998,0.9083700000000001,0.6393800000000001,0.42922,0.47501000000000004
9,Australia_2015,10,7.284,1.33358,0.93156,0.6512399999999999,0.35636999999999996,0.43562
10,Israel_2015,11,7.278,1.2285700000000002,0.9138700000000001,0.41318999999999995,0.07785,0.33171999999999996
11,Costa Rica_2015,12,7.226,0.95578,0.8602700000000001,0.63376,0.10583,0.25497
12,Austria_2015,13,7.2,1.33723,0.8904200000000001,0.62433,0.18675999999999998,0.33088
13,Mexico_2015,14,7.187,1.02054,0.8144399999999999,0.48181,0.21311999999999998,0.14074
14,United States_2015,15,7.119,1.3945100000000001,0.86179,0.54604,0.1589,0.40105
15,Brazil_2015,16,6.983,0.98124,0.69702,0.49049,0.17521,0.14574
16,Luxembourg_2015,17,6.946000000000001,1.5639100000000001,0.91894,0.61583,0.37798000000000004,0.28034000000000003
17,Ireland_2015,18,6.94,1.33596,0.89533,0.6177699999999999,0.28703,0.45901000000000003
18,Belgium_2015,19,6.937,1.30782,0.8966700000000001,0.5845,0.2254,0.2225
19,United Arab Emirates_2015,20,6.901,1.42727,0.80925,0.64157,0.38583,0.26428
20,United Kingdom_2015,21,6.867000000000001,1.26637,0.90943,0.59625,0.32066999999999996,0.51912
21,Oman_2015,22,6.853,1.36011,0.76276,0.63274,0.32524000000000003,0.21541999999999997
22,Venezuela_2015,23,6.81,1.04424,0.7205199999999999,0.42908,0.11069000000000001,0.058410000000000004
23,Singapore_2015,24,6.797999999999999,1.52186,1.02525,0.54252,0.4921,0.31105
24,Panama_2015,25,6.7860000000000005,1.0635299999999999,0.79661,0.5421,0.0927,0.24434
25,Germany_2015,26,6.75,1.32792,0.89186,0.6147699999999999,0.21843,0.28214
26,Chile_2015,27,6.67,1.10715,0.85857,0.44132,0.12869,0.33363000000000004
27,Qatar_2015,28,6.611000000000001,1.69042,0.79733,0.6404,0.52208,0.32573
28,France_2015,29,6.575,1.27778,0.9457899999999999,0.55011,0.20646,0.12332
29,Argentina_2015,30,6.574,1.05351,0.78723,0.44974,0.08484,0.11450999999999999
30,Czech Republic_2015,31,6.505,1.17898,0.84483,0.46363999999999994,0.02652,0.10686
31,Uruguay_2015,32,6.485,1.06166,0.8116,0.6036199999999999,0.24558000000000002,0.2324
32,Colombia_2015,33,6.477,0.91861,0.69077,0.53466,0.0512,0.18400999999999998
33,Thailand_2015,34,6.455,0.9669,0.7385,0.5566399999999999,0.031869999999999996,0.5763
34,Saudi Arabia_2015,35,6.4110000000000005,1.39541,0.72025,0.31048000000000003,0.32524000000000003,0.13706
35,Spain_2015,36,6.329,1.23011,0.95562,0.45951000000000003,0.06398,0.18227000000000002
36,Malta_2015,37,6.3020000000000005,1.2074,0.88721,0.60365,0.13585999999999998,0.51752
37,Taiwan_2015,38,6.297999999999999,1.29098,0.8753,0.3974,0.08129,0.25376
38,Kuwait_2015,39,6.295,1.5542200000000002,0.72492,0.55499,0.25609,0.16228
39,Suriname_2015,40,6.269,0.99534,0.6082,0.5965699999999999,0.13633,0.16990999999999998
40,Trinidad and Tobago_2015,41,6.167999999999999,1.21183,0.61483,0.55884,0.0114,0.31844
41,El Salvador_2015,42,6.13,0.76454,0.67737,0.4035,0.11775999999999999,0.10692
42,Guatemala_2015,43,6.122999999999999,0.74553,0.64425,0.57733,0.09472,0.27489
43,Uzbekistan_2015,44,6.002999999999999,0.63244,0.59772,0.6582100000000001,0.30826,0.22837
44,Slovakia_2015,45,5.995,1.1689100000000001,0.7890199999999999,0.31751,0.03431,0.16893
45,Japan_2015,46,5.987,1.27074,0.99111,0.49615,0.1806,0.10705
46,South Korea_2015,47,5.984,1.24461,0.9653799999999999,0.33208000000000004,0.07857,0.18557
47,Ecuador_2015,48,5.975,0.8640200000000001,0.79075,0.48573999999999995,0.1809,0.11540999999999998
48,Bahrain_2015,49,5.96,1.32376,0.74716,0.45492,0.306,0.17362
49,Italy_2015,50,5.9479999999999995,1.25114,0.9544600000000001,0.26236,0.02901,0.22823000000000002
50,Bolivia_2015,51,5.89,0.68133,0.5392,0.57414,0.08800000000000001,0.20536
51,Moldova_2015,52,5.888999999999999,0.59448,0.61826,0.32818,0.01615,0.20951
52,Paraguay_2015,53,5.877999999999999,0.75985,0.66098,0.53899,0.08242000000000001,0.3424
53,Kazakhstan_2015,54,5.855,1.1225399999999999,0.64368,0.51649,0.08454,0.11827
54,Slovenia_2015,55,5.848,1.18498,0.8733700000000001,0.60855,0.03787,0.25328
55,Lithuania_2015,56,5.832999999999999,1.14723,0.73128,0.21341999999999997,0.01031,0.026410000000000003
56,Nicaragua_2015,57,5.827999999999999,0.59325,0.7431399999999999,0.55475,0.19317,0.27815
57,Peru_2015,58,5.824,0.9001899999999999,0.73017,0.41496000000000005,0.05989,0.14982
58,Belarus_2015,59,5.813,1.0319200000000002,0.7360800000000001,0.37938,0.1909,0.11045999999999999
59,Poland_2015,60,5.791,1.12555,0.77903,0.53122,0.04212,0.16759000000000002
60,Malaysia_2015,61,5.77,1.12486,0.7239399999999999,0.5302399999999999,0.10500999999999999,0.33075
61,Croatia_2015,62,5.7589999999999995,1.08254,0.78805,0.25883,0.0243,0.054439999999999995
62,Libya_2015,63,5.754,1.13145,0.7038,0.41668,0.11023,0.18295
63,Russia_2015,64,5.716,1.13764,0.6692600000000001,0.36679,0.03005,0.00199
64,Jamaica_2015,65,5.709,0.81038,0.6874100000000001,0.50442,0.02299,0.2123
65,North Cyprus_2015,66,5.695,1.2080600000000001,0.92356,0.49027,0.1428,0.26169000000000003
66,Cyprus_2015,67,5.689,1.20813,0.92356,0.40671999999999997,0.06146,0.30638000000000004
67,Algeria_2015,68,5.605,0.93929,0.61766,0.28579,0.17382999999999998,0.07822
68,Kosovo_2015,69,5.5889999999999995,0.80148,0.63132,0.24749000000000002,0.04741,0.2831
69,Turkmenistan_2015,70,5.547999999999999,0.95847,0.53886,0.4761,0.30844,0.16979
70,Mauritius_2015,71,5.477,1.0076100000000001,0.7095,0.56066,0.07521,0.37744
71,Hong Kong_2015,72,5.474,1.38604,1.01328,0.59608,0.37124,0.39478
72,Estonia_2015,73,5.428999999999999,1.15174,0.77361,0.44888,0.15184,0.0868
73,Indonesia_2015,74,5.399,0.8282700000000001,0.63793,0.46611,0.0,0.51535
74,Vietnam_2015,75,5.36,0.63216,0.7467600000000001,0.59444,0.10440999999999999,0.1686
75,Turkey_2015,76,5.332000000000001,1.06098,0.73172,0.22815,0.15746,0.12253
76,Kyrgyzstan_2015,77,5.2860000000000005,0.47428000000000003,0.65088,0.43477,0.042319999999999997,0.3003
77,Nigeria_2015,78,5.268,0.65435,0.16007000000000002,0.34334000000000003,0.0403,0.27233
78,Bhutan_2015,79,5.252999999999999,0.77042,0.57407,0.5320600000000001,0.15445,0.47998
79,Azerbaijan_2015,80,5.212000000000001,1.02389,0.64045,0.3703,0.16065,0.07799
80,Pakistan_2015,81,5.194,0.59543,0.51466,0.12102,0.10464000000000001,0.33671
81,Jordan_2015,82,5.192,0.9019799999999999,0.69639,0.40660999999999997,0.14293,0.11052999999999999
82,Montenegro_2015,82,5.192,0.9743799999999999,0.72521,0.1826,0.14296,0.1614
83,China_2015,84,5.14,0.89012,0.81658,0.5169699999999999,0.02781,0.08185
84,Zambia_2015,85,5.129,0.47038,0.29924,0.48827,0.12468,0.19591
85,Romania_2015,86,5.124,1.04345,0.7689,0.35068,0.006490000000000001,0.13748
86,Serbia_2015,87,5.122999999999999,0.92053,0.74836,0.20107,0.02617,0.19230999999999998
87,Portugal_2015,88,5.102,1.15991,0.8751899999999999,0.51469,0.01078,0.13719
88,Latvia_2015,89,5.098,1.11312,0.72437,0.29671,0.06332,0.18225999999999998
89,Philippines_2015,90,5.073,0.70532,0.58114,0.62545,0.12279000000000001,0.24991
90,Somaliland region_2015,91,5.0569999999999995,0.18847,0.43873,0.46581999999999996,0.39928,0.5031800000000001
91,Morocco_2015,92,5.013,0.7347899999999999,0.60954,0.41691000000000006,0.08546000000000001,0.07172
92,Macedonia_2015,93,5.007,0.91851,0.73545,0.33457,0.053270000000000005,0.22359
93,Mozambique_2015,94,4.971,0.08308,0.09131,0.34037,0.15603,0.22269
94,Albania_2015,95,4.959,0.8786700000000001,0.81325,0.35733000000000004,0.06412999999999999,0.14272
95,Bosnia and Herzegovina_2015,96,4.949,0.8322299999999999,0.79081,0.09245,0.00227,0.24808000000000002
96,Lesotho_2015,97,4.898,0.37545,0.07612000000000001,0.31767,0.12504,0.16388
97,Dominican Republic_2015,98,4.885,0.8953700000000001,0.66825,0.57672,0.14234000000000002,0.21684
98,Laos_2015,99,4.876,0.5906600000000001,0.54909,0.59591,0.24249,0.42191999999999996
99,Mongolia_2015,100,4.874,0.82819,0.60268,0.43626000000000004,0.026660000000000003,0.3323
100,Swaziland_2015,101,4.867,0.71206,0.07566,0.30658,0.0306,0.18259
101,Greece_2015,102,4.857,1.15406,0.88213,0.07699,0.013969999999999998,0.0
102,Lebanon_2015,103,4.8389999999999995,1.0256399999999999,0.83947,0.33916,0.04582,0.21854
103,Hungary_2015,104,4.8,1.12094,0.75905,0.32111999999999996,0.02758,0.128
104,Honduras_2015,105,4.788,0.59532,0.6951,0.40148,0.06825,0.23026999999999997
105,Tajikistan_2015,106,4.7860000000000005,0.39047,0.5737899999999999,0.47216,0.15072,0.22974
106,Tunisia_2015,107,4.739,0.88113,0.73793,0.26268,0.06358,0.06431
107,Palestinian Territories_2015,108,4.715,0.59867,0.66015,0.24499,0.12905,0.11250999999999999
108,Bangladesh_2015,109,4.694,0.39753,0.60164,0.4082,0.12569,0.21222
109,Iran_2015,110,4.686,1.0088,0.69805,0.30033000000000004,0.058629999999999995,0.38086
110,Ukraine_2015,111,4.681,0.79907,0.6739,0.25123,0.02961,0.15275
111,Iraq_2015,112,4.677,0.98549,0.60237,0.0,0.13788,0.17922000000000002
112,South Africa_2015,113,4.6419999999999995,0.9204899999999999,0.27688,0.33207,0.08884,0.11972999999999999
113,Ghana_2015,114,4.633,0.5455800000000001,0.40131999999999995,0.42341999999999996,0.04355,0.23087
114,Zimbabwe_2015,115,4.61,0.271,0.33475,0.25861,0.08079,0.18987
115,Liberia_2015,116,4.571000000000001,0.0712,0.34201,0.28531,0.06232000000000001,0.24361999999999998
116,India_2015,117,4.565,0.64499,0.5152899999999999,0.39786,0.08492000000000001,0.26475
117,Sudan_2015,118,4.55,0.52107,0.36878,0.10081,0.1466,0.19062
118,Haiti_2015,119,4.518,0.26673,0.38847,0.24425,0.17175,0.46187
119,Congo (Kinshasa)_2015,120,4.5169999999999995,0.0,0.09806000000000001,0.22605,0.07625,0.24834
120,Nepal_2015,121,4.513999999999999,0.35996999999999996,0.5687399999999999,0.38282,0.059070000000000004,0.32295999999999997
121,Ethiopia_2015,122,4.512,0.19072999999999998,0.44055,0.4345,0.15048,0.24325
122,Sierra Leone_2015,123,4.507,0.33024000000000003,0.0,0.4084,0.08786000000000001,0.21488000000000002
123,Mauritania_2015,124,4.436,0.45407,0.35874,0.24231999999999998,0.17461,0.21899999999999997
124,Kenya_2015,125,4.419,0.36471,0.41435,0.42215,0.05839,0.37542
125,Djibouti_2015,126,4.369,0.44025,0.36291,0.46074,0.28105,0.18093
126,Armenia_2015,127,4.35,0.7682100000000001,0.7299,0.19847,0.039,0.07855
127,Botswana_2015,128,4.332,0.99355,0.047760000000000004,0.49495,0.12474,0.10461
128,Myanmar_2015,129,4.3069999999999995,0.27108000000000004,0.48246000000000006,0.44017,0.19034,0.79588
129,Georgia_2015,130,4.297,0.7419,0.72926,0.40576999999999996,0.38331,0.055470000000000005
130,Malawi_2015,131,4.292,0.016040000000000002,0.22562,0.43054,0.06977,0.33128
131,Sri Lanka_2015,132,4.271,0.83524,0.70806,0.5372600000000001,0.09179,0.40828000000000003
132,Cameroon_2015,133,4.252,0.4225,0.23401999999999998,0.49309,0.05786,0.20618000000000003
133,Bulgaria_2015,134,4.218,1.01216,0.76649,0.30587,0.00872,0.11921
134,Egypt_2015,135,4.194,0.8818,0.61712,0.17288,0.06324,0.11291
135,Yemen_2015,136,4.077,0.5464899999999999,0.40064,0.35570999999999997,0.07854,0.09131
136,Angola_2015,137,4.033,0.75778,0.16683,0.10384000000000002,0.07122,0.12344000000000001
137,Mali_2015,138,3.995,0.26074,0.20583,0.38856999999999997,0.12352,0.18798
138,Congo (Brazzaville)_2015,139,3.989,0.67866,0.31051,0.41466000000000003,0.11685999999999999,0.12387999999999999
139,Comoros_2015,140,3.9560000000000004,0.23906,0.36315,0.22916999999999998,0.19899999999999998,0.17440999999999998
140,Uganda_2015,141,3.931,0.21101999999999999,0.33860999999999997,0.45726999999999995,0.07267,0.29066
141,Senegal_2015,142,3.904,0.36498,0.4354,0.36772,0.10712999999999999,0.20843000000000003
142,Gabon_2015,143,3.8960000000000004,1.06024,0.43372,0.31914000000000003,0.11091,0.06822
143,Niger_2015,144,3.845,0.0694,0.29707,0.47691999999999996,0.15639,0.19387000000000001
144,Cambodia_2015,145,3.819,0.46038,0.61114,0.66246,0.07247,0.40359
145,Tanzania_2015,146,3.781,0.2852,0.38215,0.32878,0.05747000000000001,0.34376999999999996
146,Madagascar_2015,147,3.681,0.20824,0.46721,0.19184,0.08123999999999999,0.21333000000000002
147,Central African Republic_2015,148,3.678,0.0785,0.06699,0.48878999999999995,0.08288999999999999,0.23835
148,Chad_2015,149,3.667,0.34193,0.1501,0.23501,0.05269,0.18386
149,Guinea_2015,150,3.656,0.17417,0.24009,0.37725,0.12139000000000001,0.28657
150,Ivory Coast_2015,151,3.655,0.46534,0.15185,0.46866,0.17922000000000002,0.20165
151,Burkina Faso_2015,152,3.5869999999999997,0.25811999999999996,0.27125,0.39493,0.12832000000000002,0.21746999999999997
152,Afghanistan_2015,153,3.575,0.31982,0.30335,0.23414000000000001,0.09719,0.3651
153,Rwanda_2015,154,3.465,0.22208000000000003,0.42863999999999997,0.59201,0.55191,0.22628
154,Benin_2015,155,3.34,0.28665,0.3191,0.4845,0.0801,0.1826
155,Syria_2015,156,3.0060000000000002,0.6632,0.7219300000000001,0.15684,0.18905999999999998,0.47179
156,Burundi_2015,157,2.905,0.0153,0.22396,0.1185,0.10062,0.19727
157,Togo_2015,158,2.839,0.20868,0.28443,0.36453,0.10730999999999999,0.16680999999999999
0,Denmark_2016,1,7.526,1.4417799999999998,0.79504,0.5794100000000001,0.44453000000000004,0.36171
1,Switzerland_2016,2,7.5089999999999995,1.5273299999999999,0.86303,0.58557,0.41203,0.28083
2,Iceland_2016,3,7.501,1.42666,0.8673299999999999,0.56624,0.14975,0.47678000000000004
3,Norway_2016,4,7.497999999999999,1.57744,0.79579,0.59609,0.35775999999999997,0.37895
4,Finland_2016,5,7.412999999999999,1.40598,0.81091,0.57104,0.41003999999999996,0.25492
5,Canada_2016,6,7.404,1.44015,0.8276,0.5737,0.31329,0.44833999999999996
6,Netherlands_2016,7,7.3389999999999995,1.46468,0.8123100000000001,0.55211,0.29927,0.47416
7,New Zealand_2016,8,7.334,1.36066,0.83096,0.5814699999999999,0.41903999999999997,0.49401000000000006
8,Australia_2016,9,7.313,1.4444299999999999,0.8512,0.5683699999999999,0.32331,0.47407
9,Sweden_2016,10,7.291,1.45181,0.83121,0.58218,0.40867,0.38254
10,Israel_2016,11,7.267,1.33766,0.8491700000000001,0.36432,0.08728,0.32288
11,Austria_2016,12,7.119,1.45038,0.80565,0.54355,0.21348000000000003,0.32865
12,United States_2016,13,7.104,1.50796,0.779,0.48163,0.14868,0.41076999999999997
13,Costa Rica_2016,14,7.087000000000001,1.06879,0.76146,0.55225,0.10547000000000001,0.22553
14,Puerto Rico_2016,15,7.039,1.35943,0.77758,0.46823000000000004,0.12275,0.22202
15,Germany_2016,16,6.994,1.44787,0.81487,0.53466,0.28551,0.30451999999999996
16,Brazil_2016,17,6.952000000000001,1.08754,0.61415,0.40425,0.14165999999999998,0.15775999999999998
17,Belgium_2016,18,6.928999999999999,1.42539,0.8195899999999999,0.51354,0.26248,0.2424
18,Ireland_2016,19,6.907,1.4834100000000001,0.81455,0.54008,0.29754,0.44963000000000003
19,Luxembourg_2016,20,6.871,1.6975200000000001,0.8454200000000001,0.5487,0.35329,0.27571
20,Mexico_2016,21,6.778,1.1150799999999998,0.71143,0.37709000000000004,0.18355,0.11735
21,Singapore_2016,22,6.739,1.64555,0.94719,0.4877,0.46986999999999995,0.32706
22,United Kingdom_2016,23,6.725,1.40283,0.80991,0.50036,0.27399,0.50156
23,Chile_2016,24,6.705,1.2167,0.8188300000000001,0.37789,0.11450999999999999,0.31595
24,Panama_2016,25,6.7010000000000005,1.18306,0.70835,0.48927,0.08423,0.2418
25,Argentina_2016,26,6.65,1.15137,0.69711,0.42283999999999994,0.07296,0.10989000000000002
26,Czech Republic_2016,27,6.596,1.30915,0.76376,0.41418,0.03986,0.09929
27,United Arab Emirates_2016,28,6.5729999999999995,1.57352,0.72993,0.56215,0.35561,0.26591
28,Uruguay_2016,29,6.545,1.18157,0.72183,0.54388,0.21394000000000002,0.18056
29,Malta_2016,30,6.4879999999999995,1.30782,0.80315,0.54994,0.17554,0.56237
30,Colombia_2016,31,6.481,1.0303200000000001,0.59659,0.44735,0.053989999999999996,0.15625999999999998
31,France_2016,32,6.478,1.39488,0.83795,0.46562,0.17808,0.1216
32,Thailand_2016,33,6.474,1.0893,0.64915,0.49553,0.02833,0.58696
33,Saudi Arabia_2016,34,6.379,1.48953,0.59267,0.37904,0.30008,0.15457
34,Taiwan_2016,34,6.379,1.39729,0.79565,0.32377,0.0663,0.25495
35,Qatar_2016,36,6.375,1.82427,0.71723,0.56679,0.48049,0.32388
36,Spain_2016,37,6.361000000000001,1.34253,0.8789600000000001,0.37545,0.06137000000000001,0.17665
37,Algeria_2016,38,6.355,1.05266,0.6180399999999999,0.21006,0.16157,0.07044
38,Guatemala_2016,39,6.324,0.83454,0.5403899999999999,0.50379,0.08701,0.28808
39,Suriname_2016,40,6.269,1.09686,0.5093300000000001,0.5223399999999999,0.12692,0.16665
40,Kuwait_2016,41,6.239,1.61714,0.63569,0.43166000000000004,0.23669,0.15965
41,Bahrain_2016,42,6.218,1.44024,0.65696,0.47375,0.25772,0.17147
42,Trinidad and Tobago_2016,43,6.167999999999999,1.32572,0.52608,0.48453,0.01241,0.31935
43,Venezuela_2016,44,6.084,1.1336700000000002,0.6190399999999999,0.19847,0.08304,0.0425
44,Slovakia_2016,45,6.077999999999999,1.27973,0.70367,0.23390999999999998,0.02947,0.13837
45,El Salvador_2016,46,6.068,0.8737,0.596,0.37269,0.10613,0.08877
46,Malaysia_2016,47,6.005,1.25142,0.62366,0.39031,0.09081,0.41473999999999994
47,Nicaragua_2016,48,5.992000000000001,0.69384,0.65213,0.46581999999999996,0.16292,0.29773
48,Uzbekistan_2016,49,5.987,0.7359100000000001,0.50163,0.60848,0.28333,0.34326
49,Italy_2016,50,5.977,1.35495,0.8510200000000001,0.18827,0.02556,0.16684000000000002
50,Ecuador_2016,51,5.976,0.97306,0.68613,0.4027,0.18037,0.10074
51,Belize_2016,52,5.956,0.87616,0.45569,0.51231,0.10770999999999999,0.23684000000000002
52,Japan_2016,53,5.921,1.3800700000000001,0.91491,0.46761,0.18985,0.10224
53,Kazakhstan_2016,54,5.919,1.22943,0.57386,0.4052,0.11132,0.15011
54,Moldova_2016,55,5.897,0.69177,0.5230899999999999,0.25201999999999997,0.019030000000000002,0.19997
55,Russia_2016,56,5.856,1.2322799999999998,0.58991,0.32682,0.03586,0.027360000000000002
56,Poland_2016,57,5.835,1.24585,0.69058,0.4519,0.055,0.14443
57,South Korea_2016,57,5.835,1.35948,0.88645,0.25168,0.07716,0.18824000000000002
58,Bolivia_2016,59,5.822,0.79422,0.4697,0.50961,0.07746,0.21698
59,Lithuania_2016,60,5.813,1.2692,0.64674,0.18929,0.0182,0.02025
60,Belarus_2016,61,5.8020000000000005,1.1306200000000002,0.6310399999999999,0.29091,0.17457,0.13942000000000002
61,North Cyprus_2016,62,5.771,1.31141,0.8414200000000001,0.43596,0.16577999999999998,0.26322
62,Slovenia_2016,63,5.768,1.2994700000000001,0.79151,0.53164,0.03635,0.25738
63,Peru_2016,64,5.742999999999999,0.9960200000000001,0.6299399999999999,0.37501999999999996,0.05292,0.14527
64,Turkmenistan_2016,65,5.6579999999999995,1.08017,0.44006000000000006,0.37408,0.28467,0.22566999999999998
65,Mauritius_2016,66,5.648,1.14372,0.66189,0.46145,0.05202999999999999,0.36951
66,Libya_2016,67,5.615,1.0668799999999998,0.52304,0.40671999999999997,0.10339000000000001,0.17087
67,Latvia_2016,68,5.56,1.2178799999999999,0.63952,0.27996,0.0889,0.17445
68,Cyprus_2016,69,5.546,1.31857,0.8488,0.29507,0.05227999999999999,0.27906
69,Paraguay_2016,70,5.537999999999999,0.8937299999999999,0.58295,0.46235,0.07396,0.25296
70,Romania_2016,71,5.528,1.1697,0.67602,0.36712,0.006790000000000001,0.12889
71,Estonia_2016,72,5.517,1.2796399999999999,0.68098,0.41511000000000003,0.18519000000000002,0.08423
72,Jamaica_2016,73,5.51,0.89333,0.5946899999999999,0.43596999999999997,0.04294,0.22245
73,Croatia_2016,74,5.4879999999999995,1.18649,0.70524,0.23906999999999998,0.04002,0.18434
74,Hong Kong_2016,75,5.457999999999999,1.5107,0.9527700000000001,0.48078999999999994,0.31647,0.40097
75,Somalia_2016,76,5.44,0.0,0.11465999999999998,0.5677800000000001,0.3118,0.27225
76,Kosovo_2016,77,5.401,0.90145,0.54,0.14396,0.06547,0.27992
77,Turkey_2016,78,5.388999999999999,1.1649200000000002,0.64718,0.23889000000000002,0.12347999999999999,0.04707
78,Indonesia_2016,79,5.314,0.95104,0.49373999999999996,0.39237,0.00322,0.56521
79,Jordan_2016,80,5.303,0.9967299999999999,0.60712,0.36023,0.13297,0.14262
80,Azerbaijan_2016,81,5.291,1.12373,0.54504,0.35327,0.17914000000000002,0.0564
81,Philippines_2016,82,5.279,0.81217,0.47036000000000006,0.5485399999999999,0.11757000000000001,0.21674000000000002
82,China_2016,83,5.245,1.0278,0.73561,0.44011999999999996,0.02745,0.049589999999999995
83,Bhutan_2016,84,5.196000000000001,0.8527,0.49759,0.46074,0.1616,0.48546000000000006
84,Kyrgyzstan_2016,85,5.185,0.5604399999999999,0.5544899999999999,0.40212,0.047619999999999996,0.38432
85,Serbia_2016,86,5.1770000000000005,1.03437,0.6458,0.15718,0.04339,0.20736999999999997
86,Bosnia and Herzegovina_2016,87,5.162999999999999,0.9338299999999999,0.7076600000000001,0.09511,0.0,0.29889
87,Montenegro_2016,88,5.1610000000000005,1.07838,0.6353300000000001,0.15111,0.12721,0.17190999999999998
88,Dominican Republic_2016,89,5.155,1.02787,0.5766899999999999,0.52259,0.12372000000000001,0.21286
89,Morocco_2016,90,5.151,0.8405799999999999,0.5947100000000001,0.25645999999999997,0.08404,0.040530000000000004
90,Hungary_2016,91,5.145,1.24142,0.67608,0.1977,0.044719999999999996,0.099
91,Pakistan_2016,92,5.132000000000001,0.68816,0.40306,0.14622000000000002,0.1388,0.31185
92,Lebanon_2016,93,5.129,1.12268,0.76171,0.26228,0.030610000000000002,0.23693000000000003
93,Portugal_2016,94,5.122999999999999,1.27607,0.7936300000000001,0.44727,0.01521,0.11690999999999999
94,Macedonia_2016,95,5.121,1.0193,0.6473800000000001,0.27668000000000004,0.07047,0.23506999999999997
95,Vietnam_2016,96,5.061,0.74037,0.66157,0.5595399999999999,0.11556,0.25075
96,Somaliland Region_2016,97,5.0569999999999995,0.25558000000000003,0.33108000000000004,0.3913,0.36794,0.51479
97,Tunisia_2016,98,5.045,0.97724,0.59577,0.23553000000000002,0.0817,0.03936
98,Greece_2016,99,5.033,1.24886,0.80029,0.05822000000000001,0.04127,0.0
99,Tajikistan_2016,100,4.996,0.48835,0.5311899999999999,0.43408,0.13509000000000002,0.25998000000000004
100,Mongolia_2016,101,4.907,0.9885299999999999,0.55469,0.35972,0.03285,0.34539000000000003
101,Laos_2016,102,4.876,0.68042,0.38291,0.52168,0.22423,0.43078999999999995
102,Nigeria_2016,103,4.875,0.75216,0.05108,0.27854,0.0305,0.23219
103,Honduras_2016,104,4.871,0.69429,0.5838300000000001,0.26755,0.06906,0.2044
104,Iran_2016,105,4.813,1.11758,0.64232,0.22544,0.0557,0.38538
105,Zambia_2016,106,4.795,0.61202,0.23573000000000002,0.42662,0.11479,0.17865999999999999
106,Nepal_2016,107,4.793,0.44626000000000005,0.50073,0.37012,0.07007999999999999,0.3816
107,Palestinian Territories_2016,108,4.754,0.67024,0.56844,0.17744000000000001,0.10613,0.11154000000000001
108,Albania_2016,109,4.655,0.9553,0.73007,0.31866,0.05301,0.1684
109,Bangladesh_2016,110,4.643,0.54177,0.52989,0.39778,0.12583,0.19132000000000002
110,Sierra Leone_2016,111,4.635,0.36485,0.0,0.30685,0.08196,0.23897
111,Iraq_2016,112,4.575,1.07474,0.51076,0.24856,0.13635999999999998,0.19589
112,Namibia_2016,113,4.574,0.9328700000000001,0.34745,0.48613999999999996,0.10397999999999999,0.07795
113,Cameroon_2016,114,4.513,0.5249699999999999,0.12697999999999998,0.42736,0.06126,0.2268
114,Ethiopia_2016,115,4.508,0.29283000000000003,0.34578000000000003,0.36703,0.1717,0.29522
115,South Africa_2016,116,4.459,1.02416,0.18611,0.42483000000000004,0.08415,0.13656
116,Sri Lanka_2016,117,4.415,0.9731799999999999,0.62007,0.50817,0.07964,0.46978000000000003
117,India_2016,118,4.404,0.74036,0.45091000000000003,0.40285,0.08722,0.25028
118,Myanmar_2016,119,4.395,0.34112,0.3988,0.42691999999999997,0.20243,0.81971
119,Egypt_2016,120,4.362,0.95395,0.5211600000000001,0.18847,0.10393,0.12705999999999998
120,Armenia_2016,121,4.36,0.8608600000000001,0.64083,0.14037,0.036160000000000005,0.07793
121,Kenya_2016,122,4.356,0.52267,0.30146999999999996,0.40576,0.06686,0.41328000000000004
122,Ukraine_2016,123,4.324,0.87287,0.58628,0.12859,0.01829,0.20363
123,Ghana_2016,124,4.276,0.63107,0.29681,0.40973000000000004,0.0326,0.21203000000000002
124,Congo (Kinshasa)_2016,125,4.272,0.05661,0.188,0.15602,0.06075,0.25458000000000003
125,Georgia_2016,126,4.252,0.8379200000000001,0.64035,0.32461,0.3188,0.06786
126,Congo (Brazzaville)_2016,127,4.236000000000001,0.7710899999999999,0.28212,0.37938,0.09752999999999999,0.12077
127,Senegal_2016,128,4.218999999999999,0.44314,0.40457,0.31056,0.11681,0.19103
128,Bulgaria_2016,129,4.217,1.11306,0.67806,0.21219000000000002,0.00615,0.12793
129,Mauritania_2016,130,4.2010000000000005,0.6139100000000001,0.28639000000000003,0.1268,0.17955,0.22685999999999998
130,Zimbabwe_2016,131,4.1930000000000005,0.35041,0.1595,0.25429,0.08582000000000001,0.18503
131,Malawi_2016,132,4.156000000000001,0.08709,0.29364,0.4143,0.07564,0.30968
132,Sudan_2016,133,4.138999999999999,0.63069,0.29759,0.0,0.10039,0.18077000000000001
133,Gabon_2016,134,4.121,1.15851,0.3494,0.28098,0.09314,0.062439999999999996
134,Mali_2016,135,4.073,0.31292,0.16347,0.27544,0.13647,0.21064000000000002
135,Haiti_2016,136,4.0280000000000005,0.34097,0.27494,0.12072000000000001,0.14476,0.47958
136,Botswana_2016,137,3.9739999999999998,1.09426,0.34752,0.44088999999999995,0.10769000000000001,0.12425
137,Comoros_2016,138,3.9560000000000004,0.27509,0.29980999999999997,0.15412,0.18437,0.1827
138,Ivory Coast_2016,139,3.9160000000000004,0.55507,0.04476,0.40663,0.1553,0.20338
139,Cambodia_2016,140,3.907,0.55604,0.42494,0.5885199999999999,0.08092,0.40339
140,Angola_2016,141,3.866,0.84731,0.04991,0.00589,0.08434,0.12070999999999998
141,Niger_2016,142,3.8560000000000003,0.1327,0.26161999999999996,0.38040999999999997,0.17176,0.2097
142,South Sudan_2016,143,3.832,0.39394,0.15780999999999998,0.19662000000000002,0.13015,0.25899
143,Chad_2016,144,3.763,0.42213999999999996,0.038239999999999996,0.12807000000000002,0.04952,0.18667
144,Burkina Faso_2016,145,3.739,0.31995,0.21297,0.3337,0.12533,0.24353000000000002
145,Uganda_2016,145,3.739,0.34719,0.19625,0.43653000000000003,0.06442,0.27102
146,Yemen_2016,147,3.7239999999999998,0.57939,0.31048000000000003,0.2287,0.05892000000000001,0.09821
147,Madagascar_2016,148,3.695,0.27954,0.37109000000000003,0.13684000000000002,0.07506,0.2204
148,Tanzania_2016,149,3.6660000000000004,0.47155,0.35700000000000004,0.3176,0.05099,0.31472
149,Liberia_2016,150,3.622,0.10705999999999999,0.23165,0.25748000000000004,0.04852,0.24063
150,Guinea_2016,151,3.6069999999999998,0.22415,0.18829,0.30953,0.1192,0.29914
151,Rwanda_2016,152,3.515,0.32846,0.31865,0.5432,0.50521,0.23551999999999998
152,Benin_2016,153,3.484,0.39499,0.21028000000000002,0.39747,0.06681000000000001,0.2018
153,Afghanistan_2016,154,3.36,0.38227,0.17344,0.1643,0.07112,0.31268
154,Togo_2016,155,3.303,0.28123000000000004,0.24811,0.34678000000000003,0.11587,0.17517
155,Syria_2016,156,3.069,0.7471899999999999,0.6299399999999999,0.06912,0.17232999999999998,0.48396999999999996
156,Burundi_2016,157,2.905,0.06831,0.15747,0.0432,0.09419,0.2029
0,Norway_2017,1,7.537000179290769,1.6164631843566901,0.796666502952576,0.635422587394714,0.31596383452415505,0.36201223731041
1,Denmark_2017,2,7.52199983596802,1.48238301277161,0.7925655245780941,0.626006722450256,0.40077006816863997,0.3552804887294771
2,Iceland_2017,3,7.50400018692017,1.480633020401,0.8335521221160892,0.6271626353263849,0.15352655947208402,0.47554022073745705
3,Switzerland_2017,4,7.49399995803833,1.5649795532226598,0.858131289482117,0.620070576667786,0.36700728535652205,0.29054927825927696
4,Finland_2017,5,7.468999862670901,1.44357192516327,0.80915766954422,0.6179508566856379,0.38261154294014,0.24548277258873
5,Netherlands_2017,6,7.3769998550415,1.50394463539124,0.8106961250305179,0.5853844881057739,0.282661825418472,0.47048982977867104
6,Canada_2017,7,7.31599998474121,1.47920441627502,0.83455765247345,0.611100912094116,0.287371516227722,0.435539722442627
7,New Zealand_2017,8,7.31400012969971,1.40570604801178,0.816759705543518,0.6140621304512021,0.38281670212745705,0.500005125999451
8,Sweden_2017,9,7.28399991989136,1.49438726902008,0.830875158309937,0.612924098968506,0.384398728609085,0.38539925217628496
9,Australia_2017,10,7.28399991989136,1.4844149351120002,0.84388679265976,0.601607382297516,0.301183730363846,0.47769924998283403
10,Israel_2017,11,7.212999820709231,1.3753824234008798,0.83840399980545,0.40598860383033797,0.0852421000599861,0.330082654953003
11,Costa Rica_2017,12,7.0789999961853,1.10970628261566,0.7595092654228209,0.580131649971008,0.100106589496136,0.21461322903633104
12,Austria_2017,13,7.00600004196167,1.4870972633361799,0.8153284192085269,0.567766189575195,0.22106036543846105,0.316472321748734
13,United States_2017,14,6.993000030517581,1.54625928401947,0.7742866277694699,0.505740523338318,0.135638788342476,0.392578780651093
14,Ireland_2017,15,6.9770002365112305,1.5357066392898602,0.8097826242446899,0.5731103420257571,0.29838815331459007,0.42785832285881
15,Germany_2017,16,6.9510002136230495,1.48792338371277,0.798950731754303,0.562511384487152,0.276731938123703,0.33626917004585305
16,Belgium_2017,17,6.89099979400635,1.4637807607650801,0.8180918693542479,0.5397707223892211,0.251343131065369,0.23150333762168898
17,Luxembourg_2017,18,6.86299991607666,1.74194359779358,0.845089495182037,0.59662789106369,0.31883442401886,0.283180981874466
18,United Kingdom_2017,19,6.71400022506714,1.44163393974304,0.805335938930511,0.508190035820007,0.265428066253662,0.492774158716202
19,Chile_2017,20,6.65199995040894,1.25278460979462,0.8194797039031979,0.376895278692245,0.0822879821062088,0.3266624212265011
20,United Arab Emirates_2017,21,6.6479997634887695,1.6263433694839498,0.726798236370087,0.60834527015686,0.324489563703537,0.3609419465065
21,Brazil_2017,22,6.6350002288818395,1.1073532104492199,0.6165523529052729,0.437453746795654,0.11109276115894301,0.16234989464282998
22,Czech Republic_2017,23,6.60900020599365,1.35268235206604,0.754444003105164,0.49094617366790794,0.0368729270994663,0.0881067588925362
23,Argentina_2017,24,6.59899997711182,1.18529546260834,0.695137083530426,0.49451920390129106,0.05973988771438599,0.109457060694695
24,Mexico_2017,25,6.57800006866455,1.1531838178634601,0.709978997707367,0.412730008363724,0.132774114608765,0.12099043279886199
25,Singapore_2017,26,6.57200002670288,1.69227766990662,0.9494923949241642,0.549840569496155,0.46430778503417997,0.345965981483459
26,Malta_2017,27,6.52699995040894,1.34327983856201,0.821944236755371,0.588767051696777,0.153066068887711,0.5747305750846861
27,Uruguay_2017,28,6.4539999961853,1.2175596952438401,0.719216823577881,0.5793922543525699,0.17806187272071802,0.175096929073334
28,Guatemala_2017,29,6.4539999961853,0.872001945972443,0.540239989757538,0.5313106179237371,0.0772232785820961,0.283488392829895
29,Panama_2017,30,6.4520001411438,1.23374843597412,0.706156134605408,0.550026834011078,0.070983923971653,0.21055693924427
30,France_2017,31,6.44199991226196,1.43092346191406,0.8444658517837521,0.470222115516663,0.172502428293228,0.129762306809425
31,Thailand_2017,32,6.4239997863769505,1.12786877155304,0.647239029407501,0.580200731754303,0.0316127352416515,0.572123110294342
32,Taiwan Province of China_2017,33,6.42199993133545,1.4336265325546298,0.793984234333038,0.361466586589813,0.0638292357325554,0.258360475301743
33,Spain_2017,34,6.40299987792969,1.38439786434174,0.888960599899292,0.408781230449677,0.0709140971302986,0.190133571624756
34,Qatar_2017,35,6.375,1.8707656860351598,0.7100980877876278,0.604130983352661,0.43929925560951205,0.33047387003898604
35,Colombia_2017,36,6.35699987411499,1.07062232494354,0.595027923583984,0.47748741507530196,0.0466687418520451,0.14901447296142598
36,Saudi Arabia_2017,37,6.343999862670901,1.53062355518341,0.590148329734802,0.449750572443008,0.27343225479126004,0.147616013884544
37,Trinidad and Tobago_2017,38,6.1680002212524405,1.36135590076447,0.5199832916259771,0.518630743026733,0.00896481610834599,0.32529646158218395
38,Kuwait_2017,39,6.10500001907349,1.63295245170593,0.6321057081222529,0.49633759260177596,0.21515955030918102,0.228289797902107
39,Slovakia_2017,40,6.09800004959106,1.32539355754852,0.712732911109924,0.295817464590073,0.0242108516395092,0.136544480919838
40,Bahrain_2017,41,6.08699989318848,1.4884122610092199,0.653133034706116,0.536746919155121,0.257042169570923,0.17266848683357197
41,Malaysia_2017,42,6.08400011062622,1.29121541976929,0.618784427642822,0.40226498246192893,0.0656007081270218,0.416608929634094
42,Nicaragua_2017,43,6.07100009918213,0.737299203872681,0.6530959606170649,0.447551846504211,0.130687981843948,0.301674216985703
43,Ecuador_2017,44,6.00799989700317,1.00082039833069,0.685636222362518,0.4551981985569,0.140134647488594,0.15011246502399403
44,El Salvador_2017,45,6.002999782562259,0.9097844958305359,0.596018552780151,0.432452529668808,0.0899809598922729,0.0782579854130745
45,Poland_2017,46,5.97300004959106,1.29178786277771,0.699475347995758,0.520342111587524,0.0593078061938286,0.158465966582298
46,Uzbekistan_2017,47,5.97100019454956,0.786441087722778,0.498272627592087,0.6582486629486078,0.246528223156929,0.41598364710807795
47,Italy_2017,48,5.96400022506714,1.3950666189193701,0.8531443476676941,0.256450712680817,0.0280280914157629,0.17278964817523998
48,Russia_2017,49,5.962999820709231,1.28177809715271,0.547349333763123,0.373783111572266,0.0329628810286522,0.0522638224065304
49,Belize_2017,50,5.955999851226809,0.907975316047668,0.45019176602363603,0.5475093722343439,0.0965810716152191,0.24001564085483604
50,Japan_2017,51,5.92000007629395,1.41691517829895,0.9134758710861209,0.505625545978546,0.163760736584663,0.12057276815175999
51,Lithuania_2017,52,5.90199995040894,1.3145823478698702,0.62894994020462,0.234231784939766,0.0118656428530812,0.010164656676352
52,Algeria_2017,53,5.872000217437741,1.09186446666718,0.6175846457481379,0.233335807919502,0.14609611034393302,0.0694366469979286
53,Latvia_2017,54,5.849999904632571,1.26074862480164,0.638566970825195,0.32570791244506797,0.0738427266478539,0.153074786067009
54,South Korea_2017,55,5.837999820709231,1.40167844295502,0.900214076042175,0.257921665906906,0.0632826685905457,0.206674367189407
55,Moldova_2017,56,5.837999820709231,0.7288706302642819,0.5894652009010309,0.24072904884815197,0.0100912861526012,0.20877912640571603
56,Romania_2017,57,5.824999809265139,1.21768391132355,0.6851583123207089,0.457003742456436,0.0043879006989300294,0.133519917726517
57,Bolivia_2017,58,5.82299995422363,0.833756566047668,0.47363024950027505,0.5587329268455511,0.0604777261614799,0.22556072473526
58,Turkmenistan_2017,59,5.82200002670288,1.1307767629623402,0.437726080417633,0.41827192902565,0.25927034020423895,0.24992498755454998
59,Kazakhstan_2017,60,5.8189997673034695,1.2845562696456898,0.6060415506362921,0.43745428323745705,0.11928288638591802,0.20196442306041698
60,North Cyprus_2017,61,5.80999994277954,1.3469113111496,0.834647238254547,0.47120362520217896,0.155353352427483,0.266845703125
61,Slovenia_2017,62,5.75799989700317,1.3412059545516999,0.7908282279968258,0.572575807571411,0.0451289787888527,0.242649093270302
62,Peru_2017,63,5.71500015258789,1.0352252721786501,0.6301661133766171,0.45000287890434293,0.0470490865409374,0.126819714903831
63,Mauritius_2017,64,5.62900018692017,1.1893955469131499,0.6380074620246889,0.491247326135635,0.0421815551817417,0.360933750867844
64,Cyprus_2017,65,5.62099981307983,1.3559380769729599,0.84471470117569,0.35511153936386103,0.0412379764020443,0.271254301071167
65,Estonia_2017,66,5.61100006103516,1.3208793401718102,0.695168316364288,0.479131430387497,0.18324892222881303,0.0988908112049103
66,Belarus_2017,67,5.5689997673034695,1.15655755996704,0.6377142667770389,0.295400261878967,0.156313821673393,0.15513750910759
67,Libya_2017,68,5.525000095367429,1.1018030643463101,0.520169019699097,0.465733230113983,0.0926102101802826,0.15207366645336198
68,Turkey_2017,69,5.5,1.1982743740081798,0.6376056075096129,0.300740599632263,0.0996715798974037,0.0466930419206619
69,Paraguay_2017,70,5.493000030517581,0.932537317276001,0.579250693321228,0.473507791757584,0.091065913438797,0.224150657653809
70,"Hong Kong S.A.R., China_2017",71,5.47200012207031,1.55167484283447,0.943062424659729,0.490968644618988,0.29393374919891396,0.374465793371201
71,Philippines_2017,72,5.42999982833862,0.85769921541214,0.46800905466079706,0.585214674472809,0.0993318930268288,0.193513423204422
72,Serbia_2017,73,5.39499998092651,1.06931757926941,0.65078467130661,0.20871552824974102,0.0409037806093693,0.22012588381767298
73,Jordan_2017,74,5.33599996566772,0.9910123944282528,0.6045900583267211,0.418421149253845,0.11980327218771002,0.17217046022415197
74,Hungary_2017,75,5.32399988174438,1.2860119342803997,0.6877634525299069,0.17586351931095098,0.0366369374096394,0.0784016624093056
75,Jamaica_2017,76,5.31099987030029,0.925579309463501,0.6410223841667181,0.474307239055634,0.0552677810192108,0.23381833732128102
76,Croatia_2017,77,5.2930002212524405,1.22255623340607,0.701288521289825,0.255772292613983,0.0431031100451946,0.248002976179123
77,Kosovo_2017,78,5.27899980545044,0.951484382152557,0.541452050209045,0.260287940502167,0.0574716180562973,0.319931447505951
78,China_2017,79,5.2729997634887695,1.08116579055786,0.741415500640869,0.47278770804405196,0.0227942746132612,0.0288068410009146
79,Pakistan_2017,80,5.26900005340576,0.7268835306167599,0.40204778313636796,0.23521526157856,0.12434806674718901,0.31544601917266807
80,Indonesia_2017,81,5.26200008392334,0.995538592338562,0.49234572052955605,0.443323463201523,0.0153171354904771,0.611704587936401
81,Venezuela_2017,82,5.25,1.12843120098114,0.617144227027893,0.15399712324142498,0.0644911229610443,0.0650196298956871
82,Montenegro_2017,83,5.23699998855591,1.12112903594971,0.6674646735191351,0.194989055395126,0.0881741940975189,0.197911024093628
83,Morocco_2017,84,5.2350001335144,0.8781145811080929,0.59771066904068,0.408158332109451,0.0877631828188896,0.0322099551558495
84,Azerbaijan_2017,85,5.234000205993651,1.1536017656326298,0.5407757759094239,0.39815583825111406,0.180987507104874,0.0452693402767181
85,Dominican Republic_2017,86,5.230000019073491,1.07937383651733,0.574873745441437,0.55258983373642,0.113945253193378,0.186967849731445
86,Greece_2017,87,5.2270002365112305,1.28948748111725,0.8101989030838009,0.0957312509417534,0.043289776891470004,0.0
87,Lebanon_2017,88,5.22499990463257,1.07498753070831,0.7350810766220089,0.28851598501205394,0.037513829767704,0.26445075869560203
88,Portugal_2017,89,5.19500017166138,1.3151752948761002,0.795843541622162,0.498465299606323,0.0158694516867399,0.0951027125120163
89,Bosnia and Herzegovina_2017,90,5.18200016021729,0.982409417629242,0.705186307430267,0.204403176903725,0.0,0.328867495059967
90,Honduras_2017,91,5.1810002326965305,0.730573117733002,0.582569479942322,0.348079860210419,0.0733454525470734,0.23618887364864302
91,Macedonia_2017,92,5.175000190734861,1.06457793712616,0.644948184490204,0.325905978679657,0.0602777935564518,0.25376096367836
92,Somalia_2017,93,5.151000022888179,0.0226431842893362,0.11398913711309401,0.602126955986023,0.28241032361984303,0.291631311178207
93,Vietnam_2017,94,5.07399988174438,0.7885475754737851,0.6521689891815191,0.571055591106415,0.0876332372426987,0.23496805131435397
94,Nigeria_2017,95,5.07399988174438,0.783756256103516,0.0569157302379608,0.394952565431595,0.0261215660721064,0.23094719648361198
95,Tajikistan_2017,96,5.04099988937378,0.524713635444641,0.5292351245880129,0.47156670689582797,0.14637714624404902,0.24899764358997303
96,Bhutan_2017,97,5.01100015640259,0.885416388511658,0.495879292488098,0.5015376806259161,0.17338038980960802,0.474054545164108
97,Kyrgyzstan_2017,98,5.0040001869201705,0.5962200760841371,0.553457796573639,0.454943388700485,0.0394391790032387,0.42858037352562
98,Nepal_2017,99,4.961999893188481,0.479820191860199,0.504130780696869,0.44030594825744607,0.0729755461215973,0.39409616589546204
99,Mongolia_2017,100,4.95499992370605,1.0272358655929599,0.557783484458923,0.39414396882057207,0.0329022891819477,0.338464230298996
100,South Africa_2017,101,4.8289999961853,1.05469870567322,0.18708007037639604,0.479246735572815,0.0725094974040985,0.13936237990856198
101,Tunisia_2017,102,4.80499982833862,1.00726580619812,0.613212049007416,0.289680689573288,0.0867231488227844,0.0496933571994305
102,Palestinian Territories_2017,103,4.77500009536743,0.716249227523804,0.565666973590851,0.25471106171608,0.0892826020717621,0.114173173904419
103,Egypt_2017,104,4.7350001335144,0.989701807498932,0.520187258720398,0.28211015462875394,0.114381365478039,0.128631442785263
104,Bulgaria_2017,105,4.71400022506714,1.1614590883255,0.708217680454254,0.28923171758651695,0.0110515309497714,0.113177694380283
105,Sierra Leone_2017,106,4.70900011062622,0.36842092871666,0.005564753897488121,0.318697690963745,0.0710951760411263,0.293040901422501
106,Cameroon_2017,107,4.69500017166138,0.564305365085602,0.132892116904259,0.430388748645782,0.0513066314160824,0.23629845678806302
107,Iran_2017,108,4.69199991226196,1.15687310695648,0.639333188533783,0.24932260811328896,0.048761073499918005,0.387242913246155
108,Albania_2017,109,4.64400005340576,0.996192753314972,0.731159746646881,0.381498634815216,0.0398642159998417,0.20131294429302202
109,Bangladesh_2017,110,4.60799980163574,0.586682975292206,0.533241033554077,0.478356659412384,0.123717859387398,0.17225535213947304
110,Namibia_2017,111,4.57399988174438,0.964434325695038,0.33861181139946,0.520303547382355,0.0931469723582268,0.0771337449550629
111,Kenya_2017,112,4.55299997329712,0.560479462146759,0.30998834967613204,0.45276376605033897,0.0646413192152977,0.444860309362411
112,Mozambique_2017,113,4.550000190734861,0.23430564999580397,0.10665443539619399,0.48079109191894503,0.17943638563156103,0.322228103876114
113,Myanmar_2017,114,4.54500007629395,0.36711055040359497,0.397522568702698,0.514492034912109,0.188816204667091,0.8380751609802249
114,Senegal_2017,115,4.53499984741211,0.479309022426605,0.409362852573395,0.37792226672172496,0.11546044796705199,0.183468893170357
115,Zambia_2017,116,4.513999938964839,0.6364067792892459,0.25783589482307395,0.461603492498398,0.0782135501503944,0.249580144882202
116,Iraq_2017,117,4.49700021743774,1.1027104854583702,0.501180469989777,0.288555532693863,0.10721575468778599,0.19963726401329
117,Gabon_2017,118,4.46500015258789,1.1982102394104,0.35657858848571794,0.31232857704162603,0.0760467872023582,0.0437853783369064
118,Ethiopia_2017,119,4.46000003814697,0.339233845472336,0.35340970754623396,0.408842742443085,0.16545571386814098,0.31265074014663696
119,Sri Lanka_2017,120,4.44000005722046,1.00985014438629,0.625130832195282,0.561213254928589,0.0736539661884308,0.49086356163024897
120,Armenia_2017,121,4.37599992752075,0.900596737861633,0.637524425983429,0.198303267359734,0.0266744215041399,0.0834880918264389
121,India_2017,122,4.31500005722046,0.7922212481498722,0.455427616834641,0.469987004995346,0.0922268852591515,0.23153848946094502
122,Mauritania_2017,123,4.29199981689453,0.6484572887420649,0.285349279642105,0.0960980430245399,0.136957004666328,0.201870024204254
123,Congo (Brazzaville)_2017,124,4.29099988937378,0.8089642524719242,0.28995743393898,0.4350258708000179,0.0796181336045265,0.12085212767124198
124,Georgia_2017,125,4.28599977493286,0.950612664222717,0.649546980857849,0.309410035610199,0.25166663527488703,0.0540088154375553
125,Congo (Kinshasa)_2017,126,4.2800002098083505,0.0921023488044739,0.191407024860382,0.235961347818375,0.0602413564920425,0.246455833315849
126,Mali_2017,127,4.19000005722046,0.476180493831635,0.16936567425727803,0.306613743305206,0.10497024655342098,0.183354198932648
127,Ivory Coast_2017,128,4.17999982833862,0.6030489206314089,0.0486421696841717,0.4477061927318571,0.130061775445938,0.201237469911575
128,Cambodia_2017,129,4.1680002212524405,0.6017650961875921,0.429783403873444,0.633375823497772,0.0681059509515762,0.385922968387604
129,Sudan_2017,130,4.138999938964839,0.6595166921615601,0.290920823812485,0.0149958552792668,0.089847519993782,0.182317450642586
130,Ghana_2017,131,4.11999988555908,0.667224824428558,0.29563772678375205,0.423026293516159,0.0253363698720932,0.25692394375801103
131,Ukraine_2017,132,4.09600019454956,0.89465194940567,0.575903952121735,0.12297477573156401,0.0230294708162546,0.270061463117599
132,Uganda_2017,133,4.08099985122681,0.381430715322495,0.21763260662555703,0.443185955286026,0.057069718837738,0.32576605677604703
133,Burkina Faso_2017,134,4.03200006484985,0.35022771358490007,0.21584425866603896,0.32436785101890603,0.12032810598611803,0.250864684581757
134,Niger_2017,135,4.02799987792969,0.16192533075809498,0.26850500702858,0.36365869641304,0.13857294619083402,0.22867384552955602
135,Malawi_2017,136,3.97000002861023,0.233442038297653,0.315089583396912,0.466914653778076,0.0727116540074348,0.28717046976089505
136,Chad_2017,137,3.9360001087188703,0.43801298737525896,0.0411347150802612,0.16234202682972002,0.0535818822681904,0.21611385047435802
137,Zimbabwe_2017,138,3.875,0.37584653496742204,0.19676375389099102,0.336384207010269,0.0953753814101219,0.189143493771553
138,Lesotho_2017,139,3.80800008773804,0.521021246910095,0.0,0.390661299228668,0.119094640016556,0.157497271895409
139,Angola_2017,140,3.79500007629395,0.8584281802177429,0.0498686656355858,0.0,0.0697203353047371,0.09792649000883098
140,Afghanistan_2017,141,3.7939999103546103,0.401477217674255,0.18074677884578697,0.106179520487785,0.0611578300595284,0.311870932579041
141,Botswana_2017,142,3.7660000324249303,1.12209415435791,0.34175550937652605,0.505196332931519,0.0985831990838051,0.0993484482169151
142,Benin_2017,143,3.65700006484985,0.43108540773391707,0.20993021130561804,0.42596277594566295,0.0609290152788162,0.207948461174965
143,Madagascar_2017,144,3.64400005340576,0.305808693170547,0.375223308801651,0.18919676542282102,0.0672319754958153,0.208732530474663
144,Haiti_2017,145,3.6029999256133998,0.368610262870789,0.277321130037308,0.0303698573261499,0.0998721495270729,0.48920378088951094
145,Yemen_2017,146,3.59299993515015,0.5916834473609921,0.310080915689468,0.24946372210979503,0.0567674227058887,0.104125209152699
146,South Sudan_2017,147,3.5910000801086404,0.39724862575531,0.163486003875732,0.147062435746193,0.116793513298035,0.285670816898346
147,Liberia_2017,148,3.5329999923706095,0.11904179304838199,0.229918196797371,0.33288118243217496,0.0389482490718365,0.26654988527298
148,Guinea_2017,149,3.50699996948242,0.24454993009567302,0.194129139184952,0.348587512969971,0.110937617719173,0.264815092086792
149,Togo_2017,150,3.4949998855590803,0.30544471740722695,0.247105568647385,0.38042613863945,0.0956650152802467,0.19689615070819896
150,Rwanda_2017,151,3.47099995613098,0.368745893239975,0.326424807310104,0.5818438529968261,0.455220013856888,0.25275602936744695
151,Syria_2017,152,3.46199989318848,0.777153134346008,0.5005333423614501,0.0815394446253777,0.15134713053703303,0.49366372823715204
152,Tanzania_2017,153,3.34899997711182,0.511135876178741,0.364509284496307,0.390017777681351,0.0660351067781448,0.354256361722946
153,Burundi_2017,154,2.90499997138977,0.09162256866693501,0.151610791683197,0.0599007532000542,0.0841479450464249,0.20443518459796897
154,Central African Republic_2017,155,2.69300007820129,0.0,0.0187726859003305,0.270842045545578,0.0565650761127472,0.280876487493515
